AnchorTimes	schedule
BusDriveSessionTable	transport
CmdP	chrome
CommentPanel	comments
CommentsReview	comments
ConnectionPill	shared
ContextBar	chrome
CrewAllShows	crew
DashSingle	dash
DateDrawer	chrome
DriveFlagChips	transport
DriveSessionEditor	transport
EventSwitcher	chrome
ExportModal	chrome
FileUploadModal	chrome
FinEventsPanel	finance
FinLedger	finance
FleetExceptionsView	transport
GLMetric	guestlist
GroupNotesTab	notes
GuestListAllShows	guestlist
HotelCard	lodging
HotelFormModal	lodging
ImmigrationPanel	production
IntelSection	intel
LifecyclePills	crew
LodgingAllShows	lodging
NavSidebar	chrome
NotesPanel	notes
PH	shared
PaxEditor	flights
ReservationHeader	flights
ShowPickerSheet	chrome
SignOut	shared
SplitPartyTabs	chrome
StatusBtn	shared
ThemeToggle	shared
UserMenu	chrome
VBRow	lodging
VBSection	lodging
AccessTab	access
AllShowsDriveSessionsView	transport
CrewTab	crew
DailyDriveSessionsView	transport
Dash	dash
FinTab	finance
FlightCard	flights
GuestListTab	guestlist
IntelPanel	intel
LodgingTab	lodging
ReservationGroup	flights
SegmentDrawer	flights
TopBar	chrome
TourCalendar	schedule
VenueBrief	lodging
AdvTab	advance
FlightDayStrip	flights
FlightsListView	flights
FlightsSection	flights
ProdTab	production
TravelDayView	transport
DayScheduleView	schedule
TransTab	transport
ROSTab	schedule
ScheduleTab	schedule
